{
    "report_data_sources": {
        "Bowtie 2": {
            "all_sections": {
                "4.ALIGNMENT | SRR1958166_sam": "/gpfs/scratch/roberto.villegasdiaz/BIO792/DoGE/demo-1/4.ALIGNMENT/SRR1958166_sam.log",
                "4.ALIGNMENT | SRR1958167_sam": "/gpfs/scratch/roberto.villegasdiaz/BIO792/DoGE/demo-1/4.ALIGNMENT/SRR1958167_sam.log",
                "4.ALIGNMENT | SRR1958170_sam": "/gpfs/scratch/roberto.villegasdiaz/BIO792/DoGE/demo-1/4.ALIGNMENT/SRR1958170_sam.log",
                "4.ALIGNMENT | SRR1958168_sam": "/gpfs/scratch/roberto.villegasdiaz/BIO792/DoGE/demo-1/4.ALIGNMENT/SRR1958168_sam.log",
                "4.ALIGNMENT | SRR1958169_sam": "/gpfs/scratch/roberto.villegasdiaz/BIO792/DoGE/demo-1/4.ALIGNMENT/SRR1958169_sam.log",
                "4.ALIGNMENT | SRR1958165_sam": "/gpfs/scratch/roberto.villegasdiaz/BIO792/DoGE/demo-1/4.ALIGNMENT/SRR1958165_sam.log"
            }
        }
    },
    "report_general_stats_data": [
        {
            "4.ALIGNMENT | SRR1958166_sam": {
                "total_reads": 27573145,
                "unpaired_total": 27573145,
                "unpaired_aligned_none": 587408,
                "unpaired_aligned_one": 23993832,
                "unpaired_aligned_multi": 2991905,
                "overall_alignment_rate": 97.87
            },
            "4.ALIGNMENT | SRR1958167_sam": {
                "total_reads": 28733083,
                "unpaired_total": 28733083,
                "unpaired_aligned_none": 524032,
                "unpaired_aligned_one": 24779549,
                "unpaired_aligned_multi": 3429502,
                "overall_alignment_rate": 98.18
            },
            "4.ALIGNMENT | SRR1958170_sam": {
                "total_reads": 27777849,
                "unpaired_total": 27777849,
                "unpaired_aligned_none": 511926,
                "unpaired_aligned_one": 23851212,
                "unpaired_aligned_multi": 3414711,
                "overall_alignment_rate": 98.16
            },
            "4.ALIGNMENT | SRR1958168_sam": {
                "total_reads": 27022628,
                "unpaired_total": 27022628,
                "unpaired_aligned_none": 520989,
                "unpaired_aligned_one": 23298884,
                "unpaired_aligned_multi": 3202755,
                "overall_alignment_rate": 98.07
            },
            "4.ALIGNMENT | SRR1958169_sam": {
                "total_reads": 28496494,
                "unpaired_total": 28496494,
                "unpaired_aligned_none": 578944,
                "unpaired_aligned_one": 24565697,
                "unpaired_aligned_multi": 3351853,
                "overall_alignment_rate": 97.97
            },
            "4.ALIGNMENT | SRR1958165_sam": {
                "total_reads": 26418922,
                "unpaired_total": 26418922,
                "unpaired_aligned_none": 565853,
                "unpaired_aligned_one": 23063855,
                "unpaired_aligned_multi": 2789214,
                "overall_alignment_rate": 97.86
            }
        }
    ],
    "report_general_stats_headers": [
        {
            "overall_alignment_rate": {
                "title": "% Aligned",
                "description": "overall alignment rate",
                "max": 100,
                "min": 0,
                "suffix": "%",
                "scale": "YlGn",
                "namespace": "Bowtie 2",
                "rid": "mqc-generalstats-bowtie_2-overall_alignment_rate",
                "format": "{:,.1f}",
                "colour": "55,126,184",
                "hidden": null,
                "ceiling": null,
                "floor": null,
                "minRange": null,
                "shared_key": null,
                "modify": null,
                "placement": 1000.0,
                "dmax": 100.0,
                "dmin": 0.0
            }
        }
    ],
    "report_multiqc_command": "/gpfs/shared/apps_local/python/3.7-1.20/envs/DoGE/bin/multiqc -f -o 7.RMD/ -n Report_Alignment.html -d 4.ALIGNMENT/",
    "report_plot_data": {
        "bowtie2_se_plot": {
            "plot_type": "bar_graph",
            "samples": [
                [
                    "4.ALIGNMENT | SRR1958165_sam",
                    "4.ALIGNMENT | SRR1958166_sam",
                    "4.ALIGNMENT | SRR1958167_sam",
                    "4.ALIGNMENT | SRR1958168_sam",
                    "4.ALIGNMENT | SRR1958169_sam",
                    "4.ALIGNMENT | SRR1958170_sam"
                ]
            ],
            "datasets": [
                [
                    {
                        "name": "SE mapped uniquely",
                        "data": [
                            23063855.0,
                            23993832.0,
                            24779549.0,
                            23298884.0,
                            24565697.0,
                            23851212.0
                        ],
                        "color": "#20568f"
                    },
                    {
                        "name": "SE multimapped",
                        "data": [
                            2789214.0,
                            2991905.0,
                            3429502.0,
                            3202755.0,
                            3351853.0,
                            3414711.0
                        ],
                        "color": "#f7a35c"
                    },
                    {
                        "name": "SE not aligned",
                        "data": [
                            565853.0,
                            587408.0,
                            524032.0,
                            520989.0,
                            578944.0,
                            511926.0
                        ],
                        "color": "#981919"
                    }
                ]
            ],
            "config": {
                "ylab": "# Reads",
                "cpswitch_counts_label": "Number of Reads",
                "id": "bowtie2_se_plot",
                "title": "Bowtie 2: SE Alignment Scores"
            }
        }
    },
    "report_saved_raw_data": {
        "multiqc_bowtie2": {
            "4.ALIGNMENT | SRR1958166_sam": {
                "total_reads": 27573145,
                "unpaired_total": 27573145,
                "unpaired_aligned_none": 587408,
                "unpaired_aligned_one": 23993832,
                "unpaired_aligned_multi": 2991905,
                "overall_alignment_rate": 97.87
            },
            "4.ALIGNMENT | SRR1958167_sam": {
                "total_reads": 28733083,
                "unpaired_total": 28733083,
                "unpaired_aligned_none": 524032,
                "unpaired_aligned_one": 24779549,
                "unpaired_aligned_multi": 3429502,
                "overall_alignment_rate": 98.18
            },
            "4.ALIGNMENT | SRR1958170_sam": {
                "total_reads": 27777849,
                "unpaired_total": 27777849,
                "unpaired_aligned_none": 511926,
                "unpaired_aligned_one": 23851212,
                "unpaired_aligned_multi": 3414711,
                "overall_alignment_rate": 98.16
            },
            "4.ALIGNMENT | SRR1958168_sam": {
                "total_reads": 27022628,
                "unpaired_total": 27022628,
                "unpaired_aligned_none": 520989,
                "unpaired_aligned_one": 23298884,
                "unpaired_aligned_multi": 3202755,
                "overall_alignment_rate": 98.07
            },
            "4.ALIGNMENT | SRR1958169_sam": {
                "total_reads": 28496494,
                "unpaired_total": 28496494,
                "unpaired_aligned_none": 578944,
                "unpaired_aligned_one": 24565697,
                "unpaired_aligned_multi": 3351853,
                "overall_alignment_rate": 97.97
            },
            "4.ALIGNMENT | SRR1958165_sam": {
                "total_reads": 26418922,
                "unpaired_total": 26418922,
                "unpaired_aligned_none": 565853,
                "unpaired_aligned_one": 23063855,
                "unpaired_aligned_multi": 2789214,
                "overall_alignment_rate": 97.86
            }
        },
        "multiqc_general_stats": {
            "4.ALIGNMENT | SRR1958166_sam": {
                "Bowtie 2_mqc-generalstats-bowtie_2-overall_alignment_rate": 97.87
            },
            "4.ALIGNMENT | SRR1958167_sam": {
                "Bowtie 2_mqc-generalstats-bowtie_2-overall_alignment_rate": 98.18
            },
            "4.ALIGNMENT | SRR1958170_sam": {
                "Bowtie 2_mqc-generalstats-bowtie_2-overall_alignment_rate": 98.16
            },
            "4.ALIGNMENT | SRR1958168_sam": {
                "Bowtie 2_mqc-generalstats-bowtie_2-overall_alignment_rate": 98.07
            },
            "4.ALIGNMENT | SRR1958169_sam": {
                "Bowtie 2_mqc-generalstats-bowtie_2-overall_alignment_rate": 97.97
            },
            "4.ALIGNMENT | SRR1958165_sam": {
                "Bowtie 2_mqc-generalstats-bowtie_2-overall_alignment_rate": 97.86
            }
        }
    },
    "config_analysis_dir_abs": [
        "/gpfs/scratch/roberto.villegasdiaz/BIO792/DoGE/demo-1/4.ALIGNMENT"
    ],
    "config_analysis_dir": [
        "4.ALIGNMENT/"
    ],
    "config_creation_date": "2020-04-23, 07:23",
    "config_git_hash": null,
    "config_intro_text": null,
    "config_report_comment": null,
    "config_report_header_info": null,
    "config_script_path": "/gpfs/shared/apps_local/python/3.7-9.19/envs/STAT736/lib/python3.6/site-packages/multiqc/utils",
    "config_short_version": "1.7",
    "config_subtitle": null,
    "config_title": null,
    "config_version": "1.7"
}
