{
    "report_data_sources": {},
    "report_general_stats_data": [
        {
            "2.TRIMMED | SRR1958165": {
                "input_reads": 26876542.0,
                "surviving": 26418922.0,
                "surviving_pct": 98.3,
                "dropped": 457620.0,
                "dropped_pct": 1.7
            },
            "2.TRIMMED | SRR1958167": {
                "input_reads": 29226834.0,
                "surviving": 28733083.0,
                "surviving_pct": 98.31,
                "dropped": 493751.0,
                "dropped_pct": 1.69
            },
            "2.TRIMMED | SRR1958169": {
                "input_reads": 29018431.0,
                "surviving": 28496494.0,
                "surviving_pct": 98.2,
                "dropped": 521937.0,
                "dropped_pct": 1.8
            },
            "2.TRIMMED | SRR1958170": {
                "input_reads": 28262106.0,
                "surviving": 27777849.0,
                "surviving_pct": 98.29,
                "dropped": 484257.0,
                "dropped_pct": 1.71
            },
            "2.TRIMMED | SRR1958166": {
                "input_reads": 28050718.0,
                "surviving": 27573145.0,
                "surviving_pct": 98.3,
                "dropped": 477573.0,
                "dropped_pct": 1.7
            },
            "2.TRIMMED | SRR1958168": {
                "input_reads": 27492258.0,
                "surviving": 27022628.0,
                "surviving_pct": 98.29,
                "dropped": 469630.0,
                "dropped_pct": 1.71
            }
        }
    ],
    "report_general_stats_headers": [
        {
            "dropped_pct": {
                "title": "% Dropped",
                "description": "% Dropped reads",
                "max": 100,
                "min": 0,
                "suffix": "%",
                "scale": "OrRd",
                "namespace": "Trimmomatic",
                "rid": "mqc-generalstats-trimmomatic-dropped_pct",
                "format": "{:,.1f}",
                "colour": "55,126,184",
                "hidden": null,
                "ceiling": null,
                "floor": null,
                "minRange": null,
                "shared_key": null,
                "modify": null,
                "placement": 1000.0,
                "dmax": 100.0,
                "dmin": 0.0
            }
        }
    ],
    "report_multiqc_command": "/gpfs/shared/apps_local/python/3.7-1.20/envs/DoGE/bin/multiqc -f -o 7.RMD/ -n Report_Trimming.html -d 2.TRIMMED/",
    "report_plot_data": {
        "trimmomatic_plot": {
            "plot_type": "bar_graph",
            "samples": [
                [
                    "2.TRIMMED | SRR1958165",
                    "2.TRIMMED | SRR1958166",
                    "2.TRIMMED | SRR1958167",
                    "2.TRIMMED | SRR1958168",
                    "2.TRIMMED | SRR1958169",
                    "2.TRIMMED | SRR1958170"
                ]
            ],
            "datasets": [
                [
                    {
                        "name": "Surviving Reads",
                        "data": [
                            26418922.0,
                            27573145.0,
                            28733083.0,
                            27022628.0,
                            28496494.0,
                            27777849.0
                        ],
                        "color": "#437bb1"
                    },
                    {
                        "name": "Dropped",
                        "data": [
                            457620.0,
                            477573.0,
                            493751.0,
                            469630.0,
                            521937.0,
                            484257.0
                        ],
                        "color": "#7f0000"
                    }
                ]
            ],
            "config": {
                "id": "trimmomatic_plot",
                "title": "Trimmomatic: Surviving Reads",
                "ylab": "# Reads",
                "cpswitch_counts_label": "Number of Reads"
            }
        }
    },
    "report_saved_raw_data": {
        "multiqc_trimmomatic": {
            "2.TRIMMED | SRR1958165": {
                "input_reads": 26876542.0,
                "surviving": 26418922.0,
                "surviving_pct": 98.3,
                "dropped": 457620.0,
                "dropped_pct": 1.7
            },
            "2.TRIMMED | SRR1958167": {
                "input_reads": 29226834.0,
                "surviving": 28733083.0,
                "surviving_pct": 98.31,
                "dropped": 493751.0,
                "dropped_pct": 1.69
            },
            "2.TRIMMED | SRR1958169": {
                "input_reads": 29018431.0,
                "surviving": 28496494.0,
                "surviving_pct": 98.2,
                "dropped": 521937.0,
                "dropped_pct": 1.8
            },
            "2.TRIMMED | SRR1958170": {
                "input_reads": 28262106.0,
                "surviving": 27777849.0,
                "surviving_pct": 98.29,
                "dropped": 484257.0,
                "dropped_pct": 1.71
            },
            "2.TRIMMED | SRR1958166": {
                "input_reads": 28050718.0,
                "surviving": 27573145.0,
                "surviving_pct": 98.3,
                "dropped": 477573.0,
                "dropped_pct": 1.7
            },
            "2.TRIMMED | SRR1958168": {
                "input_reads": 27492258.0,
                "surviving": 27022628.0,
                "surviving_pct": 98.29,
                "dropped": 469630.0,
                "dropped_pct": 1.71
            }
        },
        "multiqc_general_stats": {
            "2.TRIMMED | SRR1958165": {
                "Trimmomatic_mqc-generalstats-trimmomatic-dropped_pct": 1.7
            },
            "2.TRIMMED | SRR1958167": {
                "Trimmomatic_mqc-generalstats-trimmomatic-dropped_pct": 1.69
            },
            "2.TRIMMED | SRR1958169": {
                "Trimmomatic_mqc-generalstats-trimmomatic-dropped_pct": 1.8
            },
            "2.TRIMMED | SRR1958170": {
                "Trimmomatic_mqc-generalstats-trimmomatic-dropped_pct": 1.71
            },
            "2.TRIMMED | SRR1958166": {
                "Trimmomatic_mqc-generalstats-trimmomatic-dropped_pct": 1.7
            },
            "2.TRIMMED | SRR1958168": {
                "Trimmomatic_mqc-generalstats-trimmomatic-dropped_pct": 1.71
            }
        }
    },
    "config_analysis_dir_abs": [
        "/gpfs/scratch/roberto.villegasdiaz/BIO792/DoGE/demo-1/2.TRIMMED"
    ],
    "config_analysis_dir": [
        "2.TRIMMED/"
    ],
    "config_creation_date": "2020-04-23, 07:23",
    "config_git_hash": null,
    "config_intro_text": null,
    "config_report_comment": null,
    "config_report_header_info": null,
    "config_script_path": "/gpfs/shared/apps_local/python/3.7-9.19/envs/STAT736/lib/python3.6/site-packages/multiqc/utils",
    "config_short_version": "1.7",
    "config_subtitle": null,
    "config_title": null,
    "config_version": "1.7"
}
